基础配置,uniquenessRatio,disp12MaxDiff,blockSize,P1,P2,场景数,公共区域D1,严格D1,有效区域D1,EPE,有效像素比例,场景D1中位,场景D1_P90,场景D1最差,中位耗时s,FPS
A3,0,-1,7,784,3136,150,8.4810,13.7237,4.8769,4.2629,84.3988,12.3487,19.4689,75.4012,0.0419,23.8408
A3,0,0,7,784,3136,150,8.4810,13.7237,4.8769,4.2629,84.3988,12.3487,19.4689,75.4012,0.0422,23.7117
A3,0,1,7,784,3136,150,8.4810,13.7237,4.8769,4.2629,84.3988,12.3487,19.4689,75.4012,0.0424,23.5944
A3,0,2,7,784,3136,150,8.4213,13.6673,4.9122,4.2369,84.5094,12.3323,19.3847,75.2740,0.0425,23.5307
A3,0,5,7,784,3136,150,8.2936,13.5470,5.0265,4.1713,84.8392,12.2680,19.1515,74.8228,0.0421,23.7506
A3,0,10,7,784,3136,150,8.1283,13.3912,5.2575,4.0713,85.3653,12.1257,18.8931,74.3124,0.0423,23.6251
A3,0,128,7,784,3136,150,7.8316,13.1115,5.9678,3.9585,86.8736,11.8024,18.3613,73.4013,0.0426,23.4842
A3,2,-1,7,784,3136,150,8.6656,13.8977,4.7663,4.3697,82.5320,12.4233,19.8360,76.1503,0.0448,22.3445
A3,2,0,7,784,3136,150,8.6656,13.8977,4.7663,4.3697,82.5320,12.4233,19.8360,76.1503,0.0448,22.3046
A3,2,1,7,784,3136,150,8.6656,13.8977,4.7663,4.3697,82.5320,12.4233,19.8360,76.1503,0.0449,22.2662
A3,2,2,7,784,3136,150,8.6083,13.8437,4.8003,4.3452,82.6375,12.3994,19.7769,76.0436,0.0446,22.4351
A3,2,5,7,784,3136,150,8.4842,13.7267,4.9249,4.2787,82.9688,12.3321,19.5427,75.6698,0.0451,22.1902
A3,2,10,7,784,3136,150,8.3167,13.5688,5.1534,4.1791,83.4896,12.1852,19.2736,75.2266,0.0445,22.4921
A3,2,128,7,784,3136,150,7.9541,13.2269,5.9058,4.0337,85.1149,11.7661,18.3773,73.6226,0.0446,22.4401
A3,5,-1,7,784,3136,150,8.9899,14.2034,4.5740,4.5484,81.7086,12.6341,20.6652,77.5551,0.0449,22.2924
A3,5,0,7,784,3136,150,8.9899,14.2034,4.5740,4.5484,81.7086,12.6341,20.6652,77.5551,0.0446,22.4064
A3,5,1,7,784,3136,150,8.9899,14.2034,4.5740,4.5484,81.7086,12.6341,20.6652,77.5551,0.0450,22.2168
A3,5,2,7,784,3136,150,8.9378,14.1543,4.6072,4.5244,81.8060,12.5999,20.5975,77.4856,0.0450,22.2179
A3,5,5,7,784,3136,150,8.8248,14.0477,4.7206,4.4648,82.1160,12.5064,20.4064,77.1435,0.0445,22.4934
A3,5,10,7,784,3136,150,8.6643,13.8965,4.9314,4.3715,82.6031,12.3536,20.1721,76.8566,0.0444,22.4974
A3,5,128,7,784,3136,150,8.2683,13.5231,5.6409,4.2113,84.2137,12.0020,18.9192,75.3348,0.0447,22.3948
B3,0,-1,9,1296,5184,150,8.5120,13.7529,5.1617,4.2271,84.8151,12.4325,18.8825,72.8158,0.0430,23.2603
B3,0,0,9,1296,5184,150,8.5120,13.7529,5.1617,4.2271,84.8151,12.4325,18.8825,72.8158,0.0430,23.2352
B3,0,1,9,1296,5184,150,8.5120,13.7529,5.1617,4.2271,84.8151,12.4325,18.8825,72.8158,0.0428,23.3673
B3,0,2,9,1296,5184,150,8.4618,13.7055,5.1873,4.2063,84.9080,12.3855,18.8248,72.7345,0.0430,23.2567
B3,0,5,9,1296,5184,150,8.3373,13.5882,5.3005,4.1435,85.2311,12.2695,18.6631,72.3180,0.0432,23.1666
B3,0,10,9,1296,5184,150,8.1587,13.4199,5.5418,4.0395,85.7897,12.1008,18.3566,71.8179,0.0432,23.1624
B3,0,128,9,1296,5184,150,7.8309,13.1108,6.3633,3.9268,87.5022,11.8696,18.0360,71.0396,0.0428,23.3819
B3,2,-1,9,1296,5184,150,8.6986,13.9288,5.0553,4.3343,82.9923,12.4888,19.2634,73.5428,0.0453,22.0595
B3,2,0,9,1296,5184,150,8.6986,13.9288,5.0553,4.3343,82.9923,12.4888,19.2634,73.5428,0.0455,21.9870
B3,2,1,9,1296,5184,150,8.6986,13.9288,5.0553,4.3343,82.9923,12.4888,19.2634,73.5428,0.0451,22.1569
B3,2,2,9,1296,5184,150,8.6498,13.8828,5.0801,4.3138,83.0806,12.4478,19.2086,73.4590,0.0453,22.0542
B3,2,5,9,1296,5184,150,8.5273,13.7674,5.2016,4.2487,83.4024,12.3335,18.9879,73.0774,0.0453,22.0760
B3,2,10,9,1296,5184,150,8.3487,13.5990,5.4362,4.1479,83.9484,12.1673,18.6963,72.6578,0.0454,22.0079
B3,2,128,9,1296,5184,150,7.9673,13.2394,6.2846,4.0055,85.7341,11.9169,18.2270,71.3667,0.0455,21.9993
B3,5,-1,9,1296,5184,150,9.0264,14.2378,4.8506,4.5151,82.1647,12.8144,20.0182,75.1713,0.0451,22.1615
B3,5,0,9,1296,5184,150,9.0264,14.2378,4.8506,4.5151,82.1647,12.8144,20.0182,75.1713,0.0455,21.9974
B3,5,1,9,1296,5184,150,9.0264,14.2378,4.8506,4.5151,82.1647,12.8144,20.0182,75.1713,0.0453,22.0792
B3,5,2,9,1296,5184,150,8.9833,14.1972,4.8747,4.4970,82.2434,12.7579,19.9730,75.1318,0.0455,21.9735
B3,5,5,9,1296,5184,150,8.8755,14.0956,4.9849,4.4403,82.5359,12.6433,19.8009,74.7691,0.0454,22.0078
B3,5,10,9,1296,5184,150,8.7062,13.9360,5.2018,4.3471,83.0341,12.4833,19.5501,74.3748,0.0454,22.0311
B3,5,128,9,1296,5184,150,8.3036,13.5564,5.9748,4.1940,84.7249,12.1687,18.9630,72.8577,0.0455,21.9863
